{
  "generated_at": "2026-06-03T08:11:26.229221+00:00",
  "baseline_source": "data/fixtures/paninian_v1.jsonl (n=10000 realized sentences)",
  "no_proxy": true,
  "n_realized_sentences": 10000,
  "config_hash": "36d4c762e39a",
  "targets": {
    "type_token_ratio": 0.011589451586000632,
    "bigram_entropy": 0.9113613506252133,
    "trigram_entropy": 0.9865377427296925
  },
  "max_default_distance": 0.05,
  "matched_config": {
    "bracket_types": 35,
    "max_depth": 16,
    "n_shuffles": 1,
    "min_len": 8,
    "max_len": 96
  },
  "matched_distance": 0.009413502722335418,
  "matched_stats": {
    "n_sequences": 400.0,
    "type_token_ratio": 0.0033460803059273425,
    "bigram_entropy": 0.9110056766767779,
    "trigram_entropy": 0.9820062573788739,
    "pattern_coverage": 0.0
  },
  "matched_byte_hist_l1_vs_real": 1.6926926063324994,
  "byte_hist_is_gated": false,
  "equivalence_passed": true,
  "hu_replication_config": {
    "bracket_types": 35,
    "max_depth": 16,
    "n_shuffles": 35,
    "min_len": 2,
    "max_len": 2048
  },
  "hu_replication_distance": 0.08789393691309295,
  "hu_replication_stats": {
    "n_sequences": 400.0,
    "type_token_ratio": 0.0001734304543877905,
    "bigram_entropy": 0.9984589563184965,
    "trigram_entropy": 0.9895420213623596,
    "pattern_coverage": 0.0
  }
}
