{
  "size_m": 100.0,
  "signal_split": "simple",
  "floor_split": "length",
  "seeds": 3,
  "max_steps": 1500,
  "pre_budget_tokens": 179876,
  "vocab": 248,
  "wall_seconds": 4647.5,
  "accuracy": {
    "A": [
      0.8133,
      0.8733,
      0.8067
    ],
    "B": [
      0.8067,
      0.8467,
      0.86
    ],
    "C": [
      0.76,
      0.8533,
      0.88
    ]
  },
  "summary": {
    "A": {
      "mean": 0.8310999999999998,
      "ci": [
        0.8066999999999999,
        0.8733
      ],
      "half_width": 0.03330000000000005
    },
    "B": {
      "mean": 0.8378,
      "ci": [
        0.8066999999999999,
        0.86
      ],
      "half_width": 0.026650000000000063
    },
    "C": {
      "mean": 0.8311000000000001,
      "ci": [
        0.7600000000000001,
        0.88
      ],
      "half_width": 0.05999999999999994
    },
    "struct_best_minus_A": 0.00670000000000015,
    "B_minus_C": 0.006699999999999928,
    "floor_split_A": 0.0
  },
  "verdict": "DOSE_TOO_SMALL: no structural arm separates from A beyond noise. Apply matched-epoch dose and/or expand the generator; re-pilot. DO NOT launch."
}