{
  "task": "cogs",
  "adr": "0014",
  "size_m": 100.0,
  "seeds": 3,
  "max_steps": 3000,
  "pre_epochs": 4,
  "pre_budget_tokens": 179876,
  "dose_fraction": 0.039,
  "vocab": 1327,
  "wall_seconds": 8506.5,
  "prereg": {
    "floor_min": 0.1,
    "delta_min": 0.03,
    "ci_hw_gate": 0.05
  },
  "lexical_em": {
    "A": [
      0.035,
      0.05,
      0.025
    ],
    "B": [
      0.04,
      0.025,
      0.035
    ],
    "C": [
      0.025,
      0.07,
      0.055
    ]
  },
  "structural_em": {
    "A": [
      0.0,
      0.0,
      0.0
    ],
    "B": [
      0.0,
      0.0,
      0.0
    ],
    "C": [
      0.0,
      0.0,
      0.0
    ]
  },
  "structural_f1": {
    "A": [
      0.5274,
      0.52,
      0.5257
    ],
    "B": [
      0.5237,
      0.5241,
      0.5288
    ],
    "C": [
      0.5254,
      0.5306,
      0.5171
    ]
  },
  "summary_lexical": {
    "A": {
      "mean": 0.036666666666666674,
      "ci": [
        0.025000000000000005,
        0.05000000000000001
      ],
      "half_width": 0.012500000000000002
    },
    "B": {
      "mean": 0.03333333333333333,
      "ci": [
        0.025000000000000005,
        0.04
      ],
      "half_width": 0.007499999999999998
    },
    "C": {
      "mean": 0.049999999999999996,
      "ci": [
        0.025000000000000005,
        0.07
      ],
      "half_width": 0.0225
    }
  },
  "delta_B_minus_C": {
    "mean": -0.016666666666666666,
    "ci": [
      -0.045000000000000005,
      0.015
    ]
  },
  "verdict": "STILL_FLOORED: baseline A lexical-tier EM 0.037 < 0.1. Instrument floors; escalate task/budget. DO NOT launch."
}